title,media,date,datetime,desc,link,img,sentiment polarity,sentiment subjectivity
"Trump threatens to veto major defense bill unless Congress repeals Section 230, a legal shield for tech giants",Washington Post,2 weeks ago,2020-12-01 15:03:07.189219,"What is Section 230, the law at the center of Trump's executive order aimed at social media? President Trump on May 28 signed an executive order ...",https://www.washingtonpost.com/technology/2020/12/01/trump-repeal-section-230-ndaa/,"data:image/gif;base64,R0lGODlhAQABAIAAAP///////yH5BAEKAAEALAAAAAABAAEAAAICTAEAOw==",0.13125,0.35
Dr. Scott Atlas resigns from Trump administration,CNN,2 weeks ago,2020-12-01 15:03:07.182238,A source familiar with what happened told CNN that Atlas turned in his resignation letter to President Donald Trump on Monday. As a special government ...,https://www.cnn.com/2020/11/30/politics/scott-atlas-resigns-trump-administration-coronavirus-task-force/index.html,"data:image/gif;base64,R0lGODlhAQABAIAAAP///////yH5BAEKAAEALAAAAAABAAEAAAICTAEAOw==",0.0,0.0
Trump's baseless claims of Georgia voter fraud spark fears among Republicans,The Guardian,2 weeks ago,2020-12-01 15:03:03.951618,"Trump's baseless claims of Georgia voter fraud spark fears among Republicans. As Trump suffers another post-election court defeat, some Republicans worry he ...",https://www.theguardian.com/us-news/2020/nov/27/trump-georgia-senate-runoff-election,"data:image/gif;base64,R0lGODlhAQABAIAAAP///////yH5BAEKAAEALAAAAAABAAEAAAICTAEAOw==",0.0,0.0
Trump says for first time he'll leave office if Electoral College votes for Biden,CNN International,2 weeks ago,2020-12-01 15:03:00.281132,"The GSA letter marked the first step the administration has taken to acknowledge Trump's defeat. The President, however, tweeted moments after the letter was ...",https://edition.cnn.com/2020/11/26/politics/trump-leave-office-electoral-college/index.html,"data:image/gif;base64,R0lGODlhAQABAIAAAP///////yH5BAEKAAEALAAAAAABAAEAAAICTAEAOw==",0.25,0.3333333333333333
Trump’s baseless election fraud claims in Georgia turn Senate runoffs into a ‘high-wire act’ for Republicans,Washington Post,2 weeks ago,2020-12-01 15:02:59.072926,"Trump's blessing goes far here,” said the Rev. Benny Tate of Rock Springs Church, who has been traveling with Perdue on campaign stops and prayed before ...",https://www.washingtonpost.com/politics/trump-fraud-claims-georgia-republicans-run-offs-perdue-loeffler/2020/11/26/0c4d6b3a-2f30-11eb-bae0-50bb17126614_story.html,"data:image/gif;base64,R0lGODlhAQABAIAAAP///////yH5BAEKAAEALAAAAAABAAEAAAICTAEAOw==",0.0,0.0
Trump sues to reverse Biden win in Wisconsin,CNBC,2 weeks ago,2020-12-01 15:02:55.411933,President Trump's campaign filed a lawsuit in Wisconsin seeking to invalidate President-elect Joe Biden's win there. The suit asks the Wisconsin Supreme Court ...,https://www.cnbc.com/2020/12/01/trump-campaign-files-election-lawsuit-in-wisconsin-after-state-declares-biden-won-.html,"data:image/gif;base64,R0lGODlhAQABAIAAAP///////yH5BAEKAAEALAAAAAABAAEAAAICTAEAOw==",0.8,0.4
Trump says his election challenges probably won't make it to the Supreme Court,CNBC,2 weeks ago,2020-12-01 15:02:54.214214,President Donald Trump acknowledged his vanishing path to overturning the results of the 2020 election in court on Sunday during his first full interview since ...,https://www.cnbc.com/2020/11/29/trump-acknowledges-the-supreme-court-.html,"data:image/gif;base64,R0lGODlhAQABAIAAAP///////yH5BAEKAAEALAAAAAABAAEAAAICTAEAOw==",0.0,0.0
Fox News' Maria Bartiromo gave Trump his first TV interview since the election. It was filled with lies,CNN,2 weeks ago,2020-12-01 15:02:54.212219,"New York (CNN Business) President Donald Trump on Sunday spoke with Fox ... opened the interview with a question about election fraud, telling Trump, ""The ...",https://www.cnn.com/2020/11/29/media/bartiromo-trump-interview/index.html,"data:image/gif;base64,R0lGODlhAQABAIAAAP///////yH5BAEKAAEALAAAAAABAAEAAAICTAEAOw==",0.325,0.6166666666666667
Republicans turn to Biden transition as Trump's legal options ...,The Straits Times,2 weeks ago,2020-12-01 15:02:54.211222,"Trump's comments in a telephone interview with Fox News Channel came as Republican Senator Roy Blunt, chair of the Joint Congressional Committee on ...",https://www.straitstimes.com/world/united-states/republicans-turn-to-biden-transition-as-trumps-legal-options-dwindle,"data:image/gif;base64,R0lGODlhAQABAIAAAP///////yH5BAEKAAEALAAAAAABAAEAAAICTAEAOw==",0.2,0.2
"Donald Trump Jr. Positive for Coronavirus, Said to Be Doing Well",Bloomberg,3 weeks ago,2020-11-24 15:03:07.187224,"President Donald Trump's oldest son, Donald Trump Jr., tested positive for coronavirus earlier this week and is isolating, according to three people familiar with ...",https://www.bloomberg.com/news/articles/2020-11-20/donald-trump-jr-infected-by-coronavirus-and-in-isolation,"data:image/gif;base64,R0lGODlhAQABAIAAAP///////yH5BAEKAAEALAAAAAABAAEAAAICTAEAOw==",0.22727272727272727,0.5454545454545454
"Trump Pardons Michael Flynn, Who Pleaded Guilty To Lying ...",NPR,3 weeks ago,2020-11-24 15:03:05.959687,"Trump's action on Wednesday may open the door to possible clemency for other former advisers who were indicted as part of the Russia investigation, including ...",https://www.npr.org/2020/11/25/823893821/trump-pardons-michael-flynn-who-pleaded-guilty-to-lying-about-russia-contact,"data:image/gif;base64,R0lGODlhAQABAIAAAP///////yH5BAEKAAEALAAAAAABAAEAAAICTAEAOw==",-0.5,1.0
Trump's election lies are an attempted coup. Biden and other Democrats should say so.,NBCNews.com,3 weeks ago,2020-11-24 15:03:02.814801,"No, Trump's No. 1 goal is to overturn the results of the 2020 election. It's time for Biden and other Democratic leaders to describe his actions in the most forceful ...",https://www.nbcnews.com/think/opinion/trump-s-election-lies-are-attempted-coup-biden-other-democrats-ncna1248573,"data:image/gif;base64,R0lGODlhAQABAIAAAP///////yH5BAEKAAEALAAAAAABAAEAAAICTAEAOw==",-0.125,0.375
Trump Election Results: Tensions Rise as Allies Attack Process,The New York Times,3 weeks ago,2020-11-24 15:03:00.276144,"President Trump's false accusations that voter fraud denied him re-election are causing escalating confrontations in swing states across the country, leading to ...",https://www.nytimes.com/2020/11/18/us/politics/trump-election.html,"data:image/gif;base64,R0lGODlhAQABAIAAAP///////yH5BAEKAAEALAAAAAABAAEAAAICTAEAOw==",0.0,0.0
"Biden tears into Trump's refusal to concede, meets with governors about Covid",NBC News,3 weeks ago,2020-11-24 15:03:00.274150,"Biden tears into Trump's refusal to concede, meets with governors about Covid. Trump, however, again had no public events on his schedule. There are 62 days ...",https://www.nbcnews.com/politics/white-house/biden-harris-meet-governors-trump-again-has-no-public-events-n1248222,"data:image/gif;base64,R0lGODlhAQABAIAAAP///////yH5BAEKAAEALAAAAAABAAEAAAICTAEAOw==",0.0,0.0
The Real Meaning of Trump's Post-Election Defiance,Foreign Policy,3 weeks ago,2020-11-24 15:03:00.273153,"It will be some time before members of U.S. President Donald Trump's shrinking inner circle publish their tell-all memoirs recounting, in lurid detail, how the White ...",https://foreignpolicy.com/2020/11/19/the-real-meaning-of-trumps-post-election-defiance/,"data:image/gif;base64,R0lGODlhAQABAIAAAP///////yH5BAEKAAEALAAAAAABAAEAAAICTAEAOw==",0.2,0.30000000000000004
Trump threatens to wreak havoc on GOP from beyond the White House,Politico,3 weeks ago,2020-11-24 15:02:59.073953,Trump's attacks on Govs. Brian Kemp of Georgia and Mike DeWine Ohio — both of whom are up for reelection in 2022 — has led to broader concerns within the ...,https://www.politico.com/news/2020/11/22/trump-wreak-havoc-gop-white-house-438859,"data:image/gif;base64,R0lGODlhAQABAIAAAP///////yH5BAEKAAEALAAAAAABAAEAAAICTAEAOw==",0.0,0.0
Almost no Trump voters consider Biden the legitimate 2020 election winner,CNBC,3 weeks ago,2020-11-24 15:02:55.409939,The findings underscore the harm Trump's unsubstantiated claims have done to confidence in the U.S. electoral system.,https://www.cnbc.com/2020/11/23/2020-election-results-almost-no-trump-voters-consider-biden-the-winner.html,"data:image/gif;base64,R0lGODlhAQABAIAAAP///////yH5BAEKAAEALAAAAAABAAEAAAICTAEAOw==",0.0,0.0
"Out Of Office, Trump Could Face Significant Legal Peril",NPR,3 weeks ago,2020-11-24 15:02:54.220198,"It stems from the federal prosecution against Michael Cohen, Trump's onetime personal attorney and fixer. Cohen pleaded guilty to a range of crimes, including ...",https://www.npr.org/2020/11/20/937044524/once-out-of-office-trump-faces-significant-legal-peril,"data:image/gif;base64,R0lGODlhAQABAIAAAP///////yH5BAEKAAEALAAAAAABAAEAAAICTAEAOw==",0.2875,0.5375
Biden’s Stock Market Is Off To A Faster Start Than Trump’s,Forbes,3 weeks ago,2020-11-24 15:02:54.216209,"when Trump was elected in 2016. Three timeframes to consider. Starting with the day after Trump's and Biden's respective election day, November 8 and 3, ...",https://www.forbes.com/sites/chuckjones/2020/11/24/bidens-stock-market-is-off-to-a-faster-start-than-trumps/,"data:image/gif;base64,R0lGODlhAQABAIAAAP///////yH5BAEKAAEALAAAAAABAAEAAAICTAEAOw==",0.0,0.0
Trump told ally he's trying to get back at Democrats for questioning legitimacy of his own election,CNN,3 weeks ago,2020-11-24 15:02:54.215211,"(CNN) President Donald Trump told an ally that he knows he lost, but that he is delaying the transition process and is aggressively trying to sow doubt about the ...",https://www.cnn.com/2020/11/19/politics/trump-democrats-election/index.html,"data:image/gif;base64,R0lGODlhAQABAIAAAP///////yH5BAEKAAEALAAAAAABAAEAAAICTAEAOw==",0.3,0.5
Trump's bizarro-world 'elite strike force' legal challenge is about to implode,CNN,on · 3 weeks ago,2020-11-24 15:02:54.209227,"Trump's bizarro-world 'elite strike force' legal challenge is about to implode. Opinion by Elie Honig. Updated 4:07 PM ET, Mon November 23, 2020.",https://www.cnn.com/2020/11/23/opinions/trump-legal-challenge-election-honig/index.html,"data:image/gif;base64,R0lGODlhAQABAIAAAP///////yH5BAEKAAEALAAAAAABAAEAAAICTAEAOw==",0.2,0.2
Trump campaign cuts Sidney Powell from president’s legal team,Politico,3 weeks ago,2020-11-24 15:02:51.290135,"“Sidney Powell is practicing law on her own,” Trump's personal lawyer Rudy Giuliani and campaign lawyer Jenna Ellis said in the statement. “She is not a member ...",https://www.politico.com/news/2020/11/22/trump-campaign-sidney-powell-legal-439357,"data:image/gif;base64,R0lGODlhAQABAIAAAP///////yH5BAEKAAEALAAAAAABAAEAAAICTAEAOw==",0.2,0.2
"Trump fears Giuliani, other lawyers in Biden vote challenge are 'fools that are making him look bad'",CNBC,3 weeks ago,2020-11-24 15:02:51.287172,"President Donald Trump is worried his campaign's legal team, led by his personal lawyer Rudy Giuliani, is composed of “fools that are making him look bad,” ...",https://www.cnbc.com/2020/11/23/trump-fears-giuliani-and-other-biden-vote-challenge-lawyers-are-fools.html,"data:image/gif;base64,R0lGODlhAQABAIAAAP///////yH5BAEKAAEALAAAAAABAAEAAAICTAEAOw==",-0.4124999999999999,0.5208333333333333
Trump Campaign Officials Started Pressuring Georgia's ...,ProPublica,4 weeks ago,2020-11-17 15:03:05.952735,"The Republican secretary of state, Brad Raffensperger, rejected repeated demands to endorse Trump. As the official overseeing the voting, he believed he ...",https://www.propublica.org/article/trump-campaign-officials-started-pressuring-georgias-secretary-of-state-long-before-the-election,"data:image/gif;base64,R0lGODlhAQABAIAAAP///////yH5BAEKAAEALAAAAAABAAEAAAICTAEAOw==",0.0,0.0
Fears of foreign policy chaos in Trump's final days fueled by Iran bombing report,The Guardian,4 weeks ago,2020-11-17 15:03:03.942642,Fears of foreign policy chaos in Trump's final days fueled by Iran bombing report. The outgoing president reportedly asked for options on bombing Iran as ...,https://www.theguardian.com/us-news/2020/nov/17/trump-iran-bombing-option-report-new-york-times,"data:image/gif;base64,R0lGODlhAQABAIAAAP///////yH5BAEKAAEALAAAAAABAAEAAAICTAEAOw==",-0.0625,0.5625
"Trump Is Said to Be Preparing to Withdraw Troops From Afghanistan, Iraq and Somalia",The New York Times,4 weeks ago,2020-11-17 15:03:03.939679,Trump's longstanding desire to stop shouldering the cost of long-running military engagements against Islamist insurgencies in failed and fragile countries in Africa ...,https://www.nytimes.com/2020/11/16/us/politics/trump-troop-withdrawal-afghanistan-somalia-iraq.html,"data:image/gif;base64,R0lGODlhAQABAIAAAP///////yH5BAEKAAEALAAAAAABAAEAAAICTAEAOw==",0.0,0.0
Trump requests partial recount in Wisconsin,Politico,4 weeks ago,2020-11-17 15:03:00.288141,"President Donald Trump's campaign said it will seek a partial recount in two heavily Democratic counties in Wisconsin, which President-elect Joe Biden carried ...",https://www.politico.com/news/2020/11/18/trump-partial-recount-wisconsin-437662,"data:image/gif;base64,R0lGODlhAQABAIAAAP///////yH5BAEKAAEALAAAAAABAAEAAAICTAEAOw==",-0.1,0.3
Trump’s new Pennsylvania lawyer once said that lawsuits ‘will not reverse this election’,Washington Post,4 weeks ago,2020-11-17 15:02:56.643529,"Moments after the presidential race was called for Joe Biden, Marc A. Scaringi took to his talk radio show to question President Trump's dubious legal campaign ...",https://www.washingtonpost.com/nation/2020/11/17/pennsylvania-trump-biden-election-scaringi/,"data:image/gif;base64,R0lGODlhAQABAIAAAP///////yH5BAEKAAEALAAAAAABAAEAAAICTAEAOw==",0.13636363636363635,0.45454545454545453
Trump's transition sabotage threatens vaccine rollout,CNN,on · 4 weeks ago,2020-11-17 15:02:56.642532,(CNN) President Donald Trump's refusal to coordinate with President-elect Joe Biden on the critical Covid-19 vaccine is bringing a staggering possibility into ...,https://www.cnn.com/2020/11/17/politics/election-2020-transition-coronavirus-donald-trump-joe-biden/index.html,"data:image/gif;base64,R0lGODlhAQABAIAAAP///////yH5BAEKAAEALAAAAAABAAEAAAICTAEAOw==",0.0,0.0
Trump Defends Drivers Who Surrounded Biden Bus as ‘Patriots’,The New York Times,1 month ago,2020-11-15 15:03:07.192210,"In Michigan, Iowa and North Carolina, Trump blusters into a stiff headwind. Texas' top court denies a G.O.P. push to throw out over 120,000 votes; a federal case is ...",https://www.nytimes.com/live/2020/11/01/us/trump-biden-election,"data:image/gif;base64,R0lGODlhAQABAIAAAP///////yH5BAEKAAEALAAAAAABAAEAAAICTAEAOw==",0.0,0.0
A Supreme Court that still backs Obamacare won’t endorse Trump’s cockamamie coup,Washington Post,1 month ago,2020-11-15 15:03:07.190216,"Roberts and Kavanaugh, both of whom had practical experience in the executive branch before becoming judges, will, hopefully, be the ones to say no to Trump's ...",https://www.washingtonpost.com/opinions/2020/11/10/supreme-court-that-still-backs-obamacare-wont-endorse-trumps-cockamamie-coup/,"data:image/gif;base64,R0lGODlhAQABAIAAAP///////yH5BAEKAAEALAAAAAABAAEAAAICTAEAOw==",0.0,0.0
PHOTOS: Trump Supporters Rally In Washington To Oppose 2020 Election Results,,1 month ago,2020-11-15 15:03:07.186227,"Thousands of President Trump's most fervent supporters were out in Washington, D.C., on Saturday for a day of rallying that echoed the false assertion that the ...",https://www.npr.org/2020/11/14/934957728/trump-supporters-descend-on-d-c-for-events-contesting-election-results,"data:image/gif;base64,R0lGODlhAQABAIAAAP///////yH5BAEKAAEALAAAAAABAAEAAAICTAEAOw==",0.0,0.0
Donald Trump’s refusal to concede sparks transition sabotage fears,The Guardian,1 month ago,2020-11-15 15:03:07.184232,"Donald Trump's refusal to acknowledge his loss in the 2020 election has fed concerns that the presidential transition would be sabotaged, as a Trump appointee ...",https://www.theguardian.com/us-news/2020/nov/09/donald-trump-refusal-to-concede-transition-sabotage-fears-joe-biden,"data:image/gif;base64,R0lGODlhAQABAIAAAP///////yH5BAEKAAEALAAAAAABAAEAAAICTAEAOw==",0.0,0.0
ByteDance Challenges Trump's TikTok Divestiture Order,Voice of America,1 month ago,2020-11-15 15:03:07.181211,"President Donald Trump in an Aug. 14 order directed ByteDance to divest the app within 90 days, which falls on Thursday. ""Facing continual new requests and ...",https://www.voanews.com/usa/bytedance-challenges-trumps-tiktok-divestiture-order,"data:image/gif;base64,R0lGODlhAQABAIAAAP///////yH5BAEKAAEALAAAAAABAAEAAAICTAEAOw==",0.0,0.0
Trump's TikTok Sell-By Date Extended By 15 Days,NPR,1 month ago,2020-11-15 15:03:07.179216,"Since July, President Trump has tried to ban Chinese-owned video app TikTok, or force the video-streaming service to sell its U.S. assets to an American ...",https://www.npr.org/2020/11/13/933916944/trump-ordered-tiktok-to-be-sold-off-but-then-ignored-the-deadline,"data:image/gif;base64,R0lGODlhAQABAIAAAP///////yH5BAEKAAEALAAAAAABAAEAAAICTAEAOw==",0.0,0.0
"TikTok says the Trump administration has forgotten about trying to ban it, would like to know what’s up",The Verge,1 month ago,2020-11-15 15:03:07.177222,TikTok has filed a petition in a US Court of Appeals calling for a review of actions by the Trump administration's Committee on Foreign Investment in the United ...,https://www.theverge.com/2020/11/10/21559677/tiktok-cfius-court-petition-ban-deadline,"data:image/gif;base64,R0lGODlhAQABAIAAAP///////yH5BAEKAAEALAAAAAABAAEAAAICTAEAOw==",0.0,0.0
Climate change: US formally withdraws from Paris agreement,BBC News,1 month ago,2020-11-15 15:03:05.963677,"So, despite President Trump's White House announcement in June 2017, the US was only able to formally give notice to the UN in November last year. The time ...",https://www.bbc.com/news/science-environment-54797743,"data:image/gif;base64,R0lGODlhAQABAIAAAP///////yH5BAEKAAEALAAAAAABAAEAAAICTAEAOw==",0.0,0.0
"Biden Wins Presidency, Ending Four Tumultuous Years Under Trump",The New York Times,1 month ago,2020-11-15 15:03:05.961682,"Trump's presidency. The former vice president also sought to demonstrate his differences with the president with his selection of Ms. Harris, 56, ...",https://www.nytimes.com/2020/11/07/us/politics/biden-election.html,"data:image/gif;base64,R0lGODlhAQABAIAAAP///////yH5BAEKAAEALAAAAAABAAEAAAICTAEAOw==",0.3,0.2
Here's Every Trump Campaign Lawsuit Filed Since Election Day,TIME,1 month ago,2020-11-15 15:03:05.958690,"Less than half an hour after the news, President Donald Trump's lawyer, Rudy Giuliani, alleged without any evidence that the electoral system in Philadelphia, ...",https://time.com/5908505/trump-lawsuits-biden-wins/,"data:image/gif;base64,R0lGODlhAQABAIAAAP///////yH5BAEKAAEALAAAAAABAAEAAAICTAEAOw==",0.0,0.0
Twitter restricts Trump’s tweet claiming that foes would ‘steal’ the election,TechCrunch,1 month ago,2020-11-15 15:03:05.956696,"While Trump's wording is left a bit ambiguous, the president's tweet again appears to be attacking the integrity of vote-by-mail ballots. With mail-in ballots expected ...",https://techcrunch.com/2020/11/03/trump-tweet-steal-election-vote-by-mail/,"data:image/gif;base64,R0lGODlhAQABAIAAAP///////yH5BAEKAAEALAAAAAABAAEAAAICTAEAOw==",0.0,0.0
Trump’s premature victory claim prompts quick rebukes,Politico,1 month ago,2020-11-15 15:03:05.954725,President Donald Trump's decision to prematurely declare himself the winner in the hours after Election Day and pledge to quash the ongoing counting of ...,https://www.politico.com/news/2020/11/04/trump-premature-victory-claim-434024,"data:image/gif;base64,R0lGODlhAQABAIAAAP///////yH5BAEKAAEALAAAAAABAAEAAAICTAEAOw==",0.3333333333333333,0.5
Trump Stacks the Pentagon and Intel Agencies With Loyalists. To What End?,The New York Times,1 month ago,2020-11-15 15:03:05.951736,"Trump made the appointments of four top Pentagon officials, including a new acting defense secretary, this week, leaving civilian and military officials to interpret ...",https://www.nytimes.com/2020/11/11/us/politics/trump-pentagon-intelligence-iran.html,"data:image/gif;base64,R0lGODlhAQABAIAAAP///////yH5BAEKAAEALAAAAAABAAEAAAICTAEAOw==",0.0,0.0
"Trump administration upends senior Pentagon ranks, installing loyalists",Washington Post,1 month ago,2020-11-15 15:03:05.949738,"The Trump administration launched a dramatic shake-up at the senior levels of the Pentagon on Tuesday, installing three White House loyalists in influential ...",https://www.washingtonpost.com/national-security/defense-department-election-transition/2020/11/10/5a173e60-2371-11eb-8599-406466ad1b8e_story.html,"data:image/gif;base64,R0lGODlhAQABAIAAAP///////yH5BAEKAAEALAAAAAABAAEAAAICTAEAOw==",0.0,0.0
Mark Esper fired as Pentagon chief after contradicting Trump,The Guardian,1 month ago,2020-11-15 15:03:05.947749,"The law can be sidestepped by a vote in Congress, as was done for Esper's predecessor James Mattis, a retired marine. In the face of Trump's widely reported fury ...",https://www.theguardian.com/us-news/2020/nov/09/mark-esper-fired-defence-pentagon-donald-trump,"data:image/gif;base64,R0lGODlhAQABAIAAAP///////yH5BAEKAAEALAAAAAABAAEAAAICTAEAOw==",0.0,0.0
"Vote counts continue in Georgia, Arizona; Trump mounts legal challenges",Washington Post,1 month ago,2020-11-15 15:03:03.955607,"Democratic presidential nominee Joe Biden late Wednesday was declared the winner in Wisconsin, but President Trump's campaign manager, Bill Stepien, said ...",https://www.washingtonpost.com/elections/2020/11/04/trump-biden-election-live-updates/,"data:image/gif;base64,R0lGODlhAQABAIAAAP///////yH5BAEKAAEALAAAAAABAAEAAAICTAEAOw==",0.2,0.2
How Trump's erratic behavior and failure on coronavirus ...,Washington Post,1 month ago,2020-11-15 15:03:03.953612,The conclusion of the episode — like so much of Trump's presidency and reelection campaign — was a muddle. The president donned a mask for his private tour ...,https://www.washingtonpost.com/elections/interactive/2020/trump-pandemic-coronavirus-election/,"data:image/gif;base64,R0lGODlhAQABAIAAAP///////yH5BAEKAAEALAAAAAABAAEAAAICTAEAOw==",-0.3166666666666667,0.3
Obama Says Trump Is 'Denying Reality' By Failing To Concede To Biden,NPR,1 month ago,2020-11-15 15:03:03.950620,"Former President Barack Obama delivered a stinging rebuke of President Trump's refusal to concede the 2020 election, warning of the real-world harm that can ...",https://www.npr.org/2020/11/16/934534951/obama-calls-trumps-refusal-to-concede-another-breach-of-basic-democratic-norms,"data:image/gif;base64,R0lGODlhAQABAIAAAP///////yH5BAEKAAEALAAAAAABAAEAAAICTAEAOw==",0.0,0.0
The Polls Underestimated Trump — Again. Nobody Agrees on Why.,The New York Times,1 month ago,2020-11-15 15:03:03.948626,"Trump's strength, since voters in Republican areas turned out in higher numbers on Election Day — and those ballots were often the first to be tabulated. It is also ...",https://www.nytimes.com/2020/11/04/us/politics/poll-results.html,"data:image/gif;base64,R0lGODlhAQABAIAAAP///////yH5BAEKAAEALAAAAAABAAEAAAICTAEAOw==",0.0,0.0
Trump’s election legal strategy is last-ditch effort: Experts,Aljazeera.com,1 month ago,2020-11-15 15:03:03.946631,"As US President Trump's path to an Electoral College win narrows, he is trying out various legal tactics to find a way to victory. President Donald Trump speaks ...",https://www.aljazeera.com/news/2020/11/5/trumps-election-legal-strategy-seen-as-last-ditch-effort,"data:image/gif;base64,R0lGODlhAQABAIAAAP///////yH5BAEKAAEALAAAAAABAAEAAAICTAEAOw==",0.2,0.2
"Even if Biden Wins, It's Trump's America Now",Foreign Policy,1 month ago,2020-11-15 15:03:03.945634,Pundits have tried to explain away Trump's unexpected strong finish by pointing to lockdown fatigue or voters' appreciation for his perceived success on the ...,https://foreignpolicy.com/2020/11/04/even-if-biden-wins-its-trumps-america-now/,"data:image/gif;base64,R0lGODlhAQABAIAAAP///////yH5BAEKAAEALAAAAAABAAEAAAICTAEAOw==",0.3,0.2
US military anticipates Trump will issue order to plan for further troop withdrawals from Afghanistan and Iraq,CNN,1 month ago,2020-11-15 15:03:03.941645,"While Monday's news indicates that the Pentagon appears ready to remove thousands more US troops from Afghanistan and Iraq, it also suggests that Trump may ...",https://www.cnn.com/2020/11/16/politics/trump-afghanistan-iraq-troop-drawdown-order/index.html,"data:image/gif;base64,R0lGODlhAQABAIAAAP///////yH5BAEKAAEALAAAAAABAAEAAAICTAEAOw==",-0.05,0.3
Donald Trump's legal war against the US election results,Financial Times,1 month ago,2020-11-15 15:03:02.816797,"Some states grant candidates wide latitude in requesting a recount. In Wisconsin, which news organisations have called for Mr Biden, Mr Trump's campaign has ...",https://www.ft.com/content/acb30a2b-537c-45a3-ac9b-3348ca88ad3e,"data:image/gif;base64,R0lGODlhAQABAIAAAP///////yH5BAEKAAEALAAAAAABAAEAAAICTAEAOw==",0.2,0.2
Trump's lawyers must put up or shut up,CNN,1 month ago,2020-11-15 15:03:02.813804,"Trump's legal team is trying a shotgun approach at attacking the election results. Some lawsuits are based on technicalities, making the case that election ...",https://www.cnn.com/2020/11/08/opinions/trump-legal-challenge-election-results-wu/index.html,"data:image/gif;base64,R0lGODlhAQABAIAAAP///////yH5BAEKAAEALAAAAAABAAEAAAICTAEAOw==",0.0,0.0
Donald Trump’s statement in full after Joe Biden declared winner,Aljazeera.com,1 month ago,2020-11-15 15:03:02.811807,"Donald Trump's statement in full after Joe Biden declared winner. Trump says presidential race is far from over, accuses Biden's 'media allies' of hiding the truth.",https://www.aljazeera.com/news/2020/11/7/trump-biden-rushing-to-falsely-pose-as-the-winner,"data:image/gif;base64,R0lGODlhAQABAIAAAP///////yH5BAEKAAEALAAAAAABAAEAAAICTAEAOw==",0.35,0.55
Trump suggests he might fire Fauci after election,CNN,1 month ago,2020-11-15 15:03:02.809815,"Opa-Locka, Florida (CNN) President Donald Trump suggested to a Florida crowd he may fire Dr. Anthony Fauci after the election, escalating his feud with the ...",https://www.cnn.com/2020/11/02/politics/donald-trump-anthony-fauci-job-post-election/index.html,"data:image/gif;base64,R0lGODlhAQABAIAAAP///////yH5BAEKAAEALAAAAAABAAEAAAICTAEAOw==",0.0,0.0
"More Latino voters support Trump in 2020 than 2016, but young Americans favor Biden, early CNN exit polls show",CNN,1 month ago,2020-11-15 15:03:02.807820,"However, in preliminary results from Arizona, Latino voters favored Biden by nearly 2 to 1, with Trump barely making a dent. Clinton also won the Latino vote there ...",https://www.cnn.com/2020/11/03/politics/exit-polls-2020/index.html,"data:image/gif;base64,R0lGODlhAQABAIAAAP///////yH5BAEKAAEALAAAAAABAAEAAAICTAEAOw==",0.2333333333333333,0.39999999999999997
"As America Awaits a Winner, Trump Falsely Claims He Prevailed",The New York Times,1 month ago,2020-11-15 15:03:02.805825,"Trump's middle-of-the-night proclamation amounted to a reckless attempt to hijack the electoral process as results in key battleground states were still not final, ...",https://www.nytimes.com/2020/11/04/us/politics/election-trump-biden-recap.html,"data:image/gif;base64,R0lGODlhAQABAIAAAP///////yH5BAEKAAEALAAAAAABAAEAAAICTAEAOw==",-0.4000000000000001,0.6
A Divided America Will Decide on Trump or Biden,The New York Times,1 month ago,2020-11-15 15:03:02.804828,"For many Democrats, the story of this White House is far uglier: division for its own sake and for Mr. Trump's personal aggrandizement, coaxing an American ...",https://www.nytimes.com/2020/11/03/us/politics/election-trump-biden-voters.html,"data:image/gif;base64,R0lGODlhAQABAIAAAP///////yH5BAEKAAEALAAAAAABAAEAAAICTAEAOw==",0.0,0.0
"Trump falsely asserts election fraud, claims a victory",Washington Post,1 month ago,2020-11-15 15:03:02.802834,"Republicans, Democrats condemn Trump's false claim of victory, say all votes should be counted. By Colby Itkowitz. Trump allies and opponents criticized his ...",https://www.washingtonpost.com/elections/2020/11/03/trump-biden-election-live-updates/,"data:image/gif;base64,R0lGODlhAQABAIAAAP///////yH5BAEKAAEALAAAAAABAAEAAAICTAEAOw==",-0.4000000000000001,0.6
"After Twitter Labels Trump’s Tweet About Pennsylvania, Its Spread Slows",The New York Times,1 month ago,2020-11-15 15:03:02.800841,Trump's tweets since updating its policies to clamp down on election misinformation on Oct. 9. It had also used the label on Oct. 26 when Mr. Trump tweeted ...,https://www.nytimes.com/2020/11/03/technology/after-twitter-labels-trumps-tweet-about-pennsylvania-its-spread-slows.html,"data:image/gif;base64,R0lGODlhAQABAIAAAP///////yH5BAEKAAEALAAAAAABAAEAAAICTAEAOw==",0.0,0.0
"GOP splits over Trump’s false election claims, unfounded fraud allegations",Washington Post,1 month ago,2020-11-15 15:03:00.287144,"Senate Majority Leader Mitch McConnell (R-Ky.) has not addressed Trump's baseless claims of voter fraud. But in a Friday tweet, he wrote, ""Every legal vote ...",https://www.washingtonpost.com/nation/2020/11/06/republicans-split-trump-election-fraud/,"data:image/gif;base64,R0lGODlhAQABAIAAAP///////yH5BAEKAAEALAAAAAABAAEAAAICTAEAOw==",-0.4000000000000001,0.6
Trump will lose his Twitter ‘public interest’ protections in January,The Verge,1 month ago,2020-11-15 15:03:00.285150,Twitter confirmed that Trump's @realDonaldTrump account will be subject to the same rules as any other user — including bans on inciting violence and posting ...,https://www.theverge.com/2020/11/7/21552606/trump-twitter-world-leader-public-interest-exception-ends-january-loss,"data:image/gif;base64,R0lGODlhAQABAIAAAP///////yH5BAEKAAEALAAAAAABAAEAAAICTAEAOw==",0.0,0.06666666666666667
"Trump Rebuffs Biden Transition Team, Setting Off Virus and National Security Risks",The New York Times,1 month ago,2020-11-15 15:03:00.283154,"WASHINGTON — President Trump's refusal to allow President-elect Joseph R. Biden Jr. and his transition staff access to government offices, secure ...",https://www.nytimes.com/2020/11/12/us/politics/biden-trump-transition.html,"data:image/gif;base64,R0lGODlhAQABAIAAAP///////yH5BAEKAAEALAAAAAABAAEAAAICTAEAOw==",0.0,0.0
Where Trump's Vote-Counting Challenges May Be Headed,Bloomberg,1 month ago,2020-11-15 15:03:00.280135,"Trump's flurry of legal challenges face a tight calendar and, legal experts say, must overcome a high bar of proof. 1. Isn't the election over? Not officially. The ...",https://www.bloomberg.com/news/articles/2020-11-10/where-trump-s-vote-counting-challenges-may-be-headed-quicktake,"data:image/gif;base64,R0lGODlhAQABAIAAAP///////yH5BAEKAAEALAAAAAABAAEAAAICTAEAOw==",0.0,0.0
What Trump Needs to Win: A Polling Error,The New York Times,1 month ago,2020-11-15 15:03:00.278140,"But while President Trump's surprising victory has imbued him with an aura of political invincibility, the polls today put him in a far bigger predicament than the one ...",https://www.nytimes.com/2020/11/02/upshot/trump-polls-errors.html,"data:image/gif;base64,R0lGODlhAQABAIAAAP///////yH5BAEKAAEALAAAAAABAAEAAAICTAEAOw==",0.8,0.4
How exit polls shifted in 2016 and 2020,CNN,1 month ago,2020-11-15 15:02:59.075919,"Rather, Trump's supporters kept pace, defending the President from Democrats motivated to defeat him. But while Democrats had hoped to unlock new portions of ...",https://www.cnn.com/interactive/2020/11/politics/election-analysis-exit-polls-2016-2020/,"data:image/gif;base64,R0lGODlhAQABAIAAAP///////yH5BAEKAAEALAAAAAABAAEAAAICTAEAOw==",0.0,0.0
Republicans Rebuke Trump’s False Victory Claim,Forbes,1 month ago,2020-11-15 15:02:59.070932,"Following Donald Trump's false claim that he had defeated Joe Biden, despite millions of votes that had not yet been counted, and the president's incendiary ...",https://www.forbes.com/sites/tommybeer/2020/11/04/republicans-rebuke-trumps-false-victory-claim/,"data:image/gif;base64,R0lGODlhAQABAIAAAP///////yH5BAEKAAEALAAAAAABAAEAAAICTAEAOw==",-0.4000000000000001,0.6
Trump campaign mounts challenges in four states as narrow margins raise stakes for battles over which ballots will count,Washington Post,1 month ago,2020-11-15 15:02:59.068937,"President Trump's reelection campaign said Wednesday that it would launch a legal blitz to try to halt vote-counting in Pennsylvania and Michigan, would seek a ...",https://www.washingtonpost.com/politics/trump-supreme-court-election-votes/2020/11/04/4f528162-1ea1-11eb-90dd-abd0f7086a91_story.html,"data:image/gif;base64,R0lGODlhAQABAIAAAP///////yH5BAEKAAEALAAAAAABAAEAAAICTAEAOw==",-0.2,0.4
US election results: Trump sues as path to victory over Biden narrows,BBC News,1 month ago,2020-11-15 15:02:59.066942,"Mr Trump's campaign manager Bill Stepien appeared equally confident of the president's chances of winning in Pennsylvania and other states. This outlook, he ...",https://www.bbc.com/news/election-us-2020-54818992,"data:image/gif;base64,R0lGODlhAQABAIAAAP///////yH5BAEKAAEALAAAAAABAAEAAAICTAEAOw==",0.0,0.0
"Trump's high-stakes swing-state legal blitz: Where his campaign says it's suing, and why",NBC News,1 month ago,2020-11-15 15:02:59.064948,"Trump's campaign said it will sue to stop counting in Pennsylvania while demanding a recount in Wisconsin, where Biden is the apparent winner, according to ...",https://www.nbcnews.com/politics/2020-election/trump-s-high-stakes-swing-state-legal-blitz-where-does-n1246424,"data:image/gif;base64,R0lGODlhAQABAIAAAP///////yH5BAEKAAEALAAAAAABAAEAAAICTAEAOw==",0.2,0.2
Trump’s Lawsuits Are Politics Disguised as a Legal Strategy,The Atlantic,1 month ago,2020-11-15 15:02:59.062982,"As public servants continue to count votes in crucial swing states, President Donald Trump made a speech full of lies about voter fraud and stolen ...",https://www.theatlantic.com/ideas/archive/2020/11/trumps-lawsuits-are-politics-disguised-legal-strategy/617022/,"data:image/gif;base64,R0lGODlhAQABAIAAAP///////yH5BAEKAAEALAAAAAABAAEAAAICTAEAOw==",0.2,0.2
Donald Trump's malignant spell could soon be broken,The Guardian,on · 1 month ago,2020-11-15 15:02:59.060959,"Donald Trump, the man who has haunted the world's dreams and sparked a thousand nightmares, has all but lost. On 20 January 2021, he will probably leave ...",https://www.theguardian.com/commentisfree/2020/nov/06/donald-trump-joe-biden-popular-vote-electoral-college,"data:image/gif;base64,R0lGODlhAQABAIAAAP///////yH5BAEKAAEALAAAAAABAAEAAAICTAEAOw==",-0.4,0.4
Trump’s False Election Fraud Claims Split Republicans,The New York Times,1 month ago,2020-11-15 15:02:58.995134,"Trump's position without reservation, however. “President Trump won this election,” Representative Kevin McCarthy of California told the Fox News host Laura ...",https://www.nytimes.com/2020/11/06/us/politics/trump-election-republicans.html,"data:image/gif;base64,R0lGODlhAQABAIAAAP///////yH5BAEKAAEALAAAAAABAAEAAAICTAEAOw==",-0.4000000000000001,0.6
Trump Election Lawsuits Filed So Far,NPR,1 month ago,2020-11-15 15:02:57.839901,"Philadelphia may be the central location in President Trump's quest to prove the 2020 election was stolen from him. As expected, Republican voters voted more ...",https://www.npr.org/2020/11/10/933112418/the-trump-campaign-has-had-almost-no-legal-success-this-month-heres-what-they-ve,"data:image/gif;base64,R0lGODlhAQABAIAAAP///////yH5BAEKAAEALAAAAAABAAEAAAICTAEAOw==",0.1,1.0
Hoping for a return to normal after Trump? That's the last thing we need,The Guardian,1 month ago,2020-11-15 15:02:57.837906,"Even worse for Trump's opponents, portraying him as incompetent is an own goal: Donald J Trump is not merely incompetent. George W Bush was incompetent.",https://www.theguardian.com/commentisfree/2020/nov/08/hoping-for-a-return-to-normal-after-trump-thats-the-last-thing-we-need,"data:image/gif;base64,R0lGODlhAQABAIAAAP///////yH5BAEKAAEALAAAAAABAAEAAAICTAEAOw==",0.075,0.3583333333333333
McConnell shrugs off Trump concession delay,NBC News,1 month ago,2020-11-15 15:02:57.835912,Senate Majority Leader Mitch McConnell on Monday hailed Republican victories in last week's election before saying President Donald Trump was right not to ...,https://www.nbcnews.com/politics/2020-election/mcconnell-shrugs-trump-concession-delay-n1247174,"data:image/gif;base64,R0lGODlhAQABAIAAAP///////yH5BAEKAAEALAAAAAABAAEAAAICTAEAOw==",0.0,0.0
"Trump cultivated the Latino vote in Florida, and it paid off",NBC News,1 month ago,2020-11-15 15:02:57.833917,"Trump's popularity also seems to have affected down-ballot races, with two House Democrats from South Florida losing in early ballot returns to Republican ...",https://www.nbcnews.com/news/latino/trump-cultivated-latino-vote-florida-it-paid-n1246226,"data:image/gif;base64,R0lGODlhAQABAIAAAP///////yH5BAEKAAEALAAAAAABAAEAAAICTAEAOw==",0.0,0.0
I’m Here To Remind You That Trump Can Still Win,FiveThirtyEight,1 month ago,2020-11-15 15:02:57.832920,"— such as “Nate Silver is giving Biden a 90 percent chance” or “FiveThirtyEight still gives Trump a 10 percent chance.” We aren't giving anybody anything. Instead, ...",https://fivethirtyeight.com/features/im-here-to-remind-you-that-trump-can-still-win/,"data:image/gif;base64,R0lGODlhAQABAIAAAP///////yH5BAEKAAEALAAAAAABAAEAAAICTAEAOw==",0.8,0.4
US election: Donald Trump’s closest 2016 victories,Aljazeera.com,1 month ago,2020-11-15 15:02:57.830925,Among this year's presidential battleground states are four that Trump won by extremely slim margins in 2016. United States President Donald Trump's slim ...,https://www.aljazeera.com/news/2020/11/1/us-election-donald-trumps-closest-2016-victories,"data:image/gif;base64,R0lGODlhAQABAIAAAP///////yH5BAEKAAEALAAAAAABAAEAAAICTAEAOw==",0.0,0.0
Trump says he's sending in his lawyers as soon as the election ends to review swing state votes,NBC News,1 month ago,2020-11-15 15:02:57.828930,"Trump told reporters, ""We're going to go in night of, as soon as that election is over, we're going in with our lawyers."" Image: U.S. President Donald Trump reacts to ...",https://www.nbcnews.com/politics/2020-election/trump-begins-rally-blitz-playing-hits-lamenting-cold-n1245691,"data:image/gif;base64,R0lGODlhAQABAIAAAP///////yH5BAEKAAEALAAAAAABAAEAAAICTAEAOw==",0.0,0.0
Donald Trump's baseless vote fraud claim opens cracks in Republican ranks,The Guardian,1 month ago,2020-11-15 15:02:57.826936,"Leading Republican figures moved to distance themselves from Donald Trump's increasingly inflammatory attempts to cast the election as stolen, as splits ...",https://www.theguardian.com/us-news/2020/nov/06/republicans-break-ranks-with-donald-trump-over-baseless-vote-claim,"data:image/gif;base64,R0lGODlhAQABAIAAAP///////yH5BAEKAAEALAAAAAABAAEAAAICTAEAOw==",0.0,0.0
US election 2020: Donald Trump's speech fact-checked,BBC News,1 month ago,2020-11-15 15:02:57.825938,"Mr Trump has posted more than 70 tweets casting doubt on mail-in voting, referencing voter fraud or ""rigged"" elections since April. But there is no evidence the ...",https://www.bbc.com/news/election-us-2020-54837926,"data:image/gif;base64,R0lGODlhAQABAIAAAP///////yH5BAEKAAEALAAAAAABAAEAAAICTAEAOw==",0.0,0.0
Trump has told people he has no plans to concede even if his path to victory is blocked,CNN,1 month ago,2020-11-15 15:02:57.822975,Vice President Mike Pence -- who has not been seen since the early hours of Wednesday morning -- is doing his part to appease Trump by soliciting funds for his ...,https://www.cnn.com/2020/11/06/politics/donald-trump-election-2020/index.html,"data:image/gif;base64,R0lGODlhAQABAIAAAP///////yH5BAEKAAEALAAAAAABAAEAAAICTAEAOw==",0.0,0.0
The vanishing 'red mirage': how Trump's election week soured,The Guardian,1 month ago,2020-11-15 15:02:56.656495,"And in Arizona – the home of the late John McCain, Trump's most prominent Republican critic – Biden appeared to be ahead.",https://www.theguardian.com/us-news/2020/nov/07/red-mirage-donald-trump-election-week-soured,"data:image/gif;base64,R0lGODlhAQABAIAAAP///////yH5BAEKAAEALAAAAAABAAEAAAICTAEAOw==",-0.15,0.05
"Donations under $8K to Trump ‘election defense’ instead go to president, RNC",Reuters,1 month ago,2020-11-15 15:02:56.654500,"But any small-dollar donations from Trump's grassroots donors won't be going to legal expenses at all, according to a Reuters review of the legal language in the ...",https://www.reuters.com/article/us-usa-election-trump-fundraising-insigh-idUSKBN27R309,"data:image/gif;base64,R0lGODlhAQABAIAAAP///////yH5BAEKAAEALAAAAAABAAEAAAICTAEAOw==",0.0,0.0
Trump stages corrosive attempt to undermine votes as his path to 270 evaporates,CNN,1 month ago,2020-11-15 15:02:56.652505,"The spectacle, though foreshadowed by the President for months, was nevertheless a sign of Trump's unwillingness to cede the White House without a prolonged ...",https://www.cnn.com/2020/11/05/politics/donald-trump-election-2020/index.html,"data:image/gif;base64,R0lGODlhAQABAIAAAP///////yH5BAEKAAEALAAAAAABAAEAAAICTAEAOw==",0.0,0.0
Remarks by President Trump During an Update on Operation Warp Speed,Whitehouse.gov,1 month ago,2020-11-15 15:02:56.651508,"Remarks by President Trump During an Update on Operation Warp Speed. Issued on: November 13, 2020 ...",https://www.whitehouse.gov/briefings-statements/remarks-president-trump-update-operation-warp-speed/,"data:image/gif;base64,R0lGODlhAQABAIAAAP///////yH5BAEKAAEALAAAAAABAAEAAAICTAEAOw==",0.0,0.0
Trump's longshot election lawsuits: where do things stand?,The Guardian,1 month ago,2020-11-15 15:02:56.649513,Trump's longshot election lawsuits: where do things stand? This article is more than 1 month old. The president and other Republicans have filed ...,https://www.theguardian.com/us-news/2020/nov/10/donald-trump-longshot-election-lawsuits,"data:image/gif;base64,R0lGODlhAQABAIAAAP///////yH5BAEKAAEALAAAAAABAAEAAAICTAEAOw==",0.0,0.0
Explained: Donald Trump’s legal claims in contested states,Aljazeera.com,1 month ago,2020-11-15 15:02:56.647519,Explained: Donald Trump's legal claims in contested states. Trump and his Republican allies are challenging the integrity of vote-counting and mail or absentee ...,https://www.aljazeera.com/news/2020/11/5/explained-trumps-legal-claims-in-contested-states,"data:image/gif;base64,R0lGODlhAQABAIAAAP///////yH5BAEKAAEALAAAAAABAAEAAAICTAEAOw==",0.2,0.2
"Biden narrowly leads Trump in six swing states before Election Day, poll shows",CNBC,1 month ago,2020-11-15 15:02:56.645524,"Joe Biden holds at least narrow leads over Donald Trump in the six 2020 election swing states of Arizona, Florida, Michigan, North Carolina, Pennsylvania and ...",https://www.cnbc.com/2020/11/02/2020-election-polls-biden-leads-trump-in-six-swing-states.html,"data:image/gif;base64,R0lGODlhAQABAIAAAP///////yH5BAEKAAEALAAAAAABAAEAAAICTAEAOw==",-0.2,0.4
A quick guide: Trump’s lawsuits dispute election results as presidency is called for Biden,USA TODAY,1 month ago,2020-11-15 15:02:56.583690,"A quick guide: Trump's lawsuits dispute election results as presidency is called for Biden. The Trump campaign has sued to contest vote counts in Pennsylvania, ...",https://www.usatoday.com/in-depth/news/2020/11/16/trump-election-lawsuits-republicans-battleground-states-vote-count/6177538002/,"data:image/gif;base64,R0lGODlhAQABAIAAAP///////yH5BAEKAAEALAAAAAABAAEAAAICTAEAOw==",0.3333333333333333,0.5
Trump says he is preparing for legal challenges to vote counts as final sprint begins,The Guardian,1 month ago,2020-11-15 15:02:55.418944,"Asked about the Axios report, Trump's Democratic challenger, Joe Biden, said: “My response is the president's not gonna steal this election.” Guardian US ...",https://www.theguardian.com/us-news/2020/nov/01/donald-trump-us-election-final-campaign-sprint,"data:image/gif;base64,R0lGODlhAQABAIAAAP///////yH5BAEKAAEALAAAAAABAAEAAAICTAEAOw==",0.1,0.6
Donald Trump’s Desperate Election Lies,The New York Times,1 month ago,2020-11-15 15:02:55.416950,"But Trump's attempted coup against democracy, for it is no less than that, will be resisted. The United States is far bigger than this little man. It seems almost ...",https://www.nytimes.com/2020/11/06/opinion/trump-election-lies.html,"data:image/gif;base64,R0lGODlhAQABAIAAAP///////yH5BAEKAAEALAAAAAABAAEAAAICTAEAOw==",-0.6,1.0
Twitter labels Trump’s latest claim about election fraud as ‘disputed’ but doesn’t limit dissemination,Washington Post,1 month ago,2020-11-15 15:02:55.414955,"President Trump took to Twitter late Saturday to falsely claim he had won the 2020 presidential election, airing a fresh barrage of baseless attacks mere hours ...",https://www.washingtonpost.com/technology/2020/11/07/trump-election-outcome-tweet-label/,"data:image/gif;base64,R0lGODlhAQABAIAAAP///////yH5BAEKAAEALAAAAAABAAEAAAICTAEAOw==",0.5,0.9
Twitter Has Labeled 38% of Trump’s Tweets Since Tuesday,The New York Times,1 month ago,2020-11-15 15:02:55.412930,"Twitter Has Labeled 38% of Trump's Tweets Since Tuesday. Nov. 5, 2020, 5:33 p.m. ETNov. 5, 2020.",https://www.nytimes.com/2020/11/05/technology/donald-trump-twitter.html,"data:image/gif;base64,R0lGODlhAQABAIAAAP///////yH5BAEKAAEALAAAAAABAAEAAAICTAEAOw==",0.0,0.0
Trump's baseless claims of election fraud undermine US credibility overseas,CNN,1 month ago,2020-11-15 15:02:55.408941,"Trump's comments were greeted with horror in many countries, and some glee in others, where critics of the US have long accused Washington of hypocrisy ...",https://www.cnn.com/2020/11/05/asia/trump-election-fraud-world-reax-intl-hnk/index.html,"data:image/gif;base64,R0lGODlhAQABAIAAAP///////yH5BAEKAAEALAAAAAABAAEAAAICTAEAOw==",0.0,0.0
How the Trump Campaign Reacted When Fox News Called Arizona for Biden,The New York Times,on · 1 month ago,2020-11-15 15:02:55.406947,"Trump's political adviser, disputed the accuracy of the call on Twitter and frantically called Fox News, asking the network to retract it. He was unsuccessful. Instead ...",https://www.nytimes.com/2020/11/04/us/politics/trump-fox-news-arizona.html,"data:image/gif;base64,R0lGODlhAQABAIAAAP///////yH5BAEKAAEALAAAAAABAAEAAAICTAEAOw==",0.0,0.0
Trump Wants A Recount In Wisconsin. How Would It Work?,NPR,1 month ago,2020-11-15 15:02:55.341122,"Not long after The Associated Press and other news outlets declared Wednesday that Democrat Joe Biden had won Wisconsin's 10 electoral votes, the Trump ...",https://www.npr.org/2020/11/05/931478765/trump-asks-for-a-wisconsin-recount-though-its-unlikely-to-change-the-outcome,"data:image/gif;base64,R0lGODlhAQABAIAAAP///////yH5BAEKAAEALAAAAAABAAEAAAICTAEAOw==",0.2,0.1
'We need his voters' in Georgia: Why Republicans embrace Trump's last stand,Politico,1 month ago,2020-11-15 15:02:55.339128,"Simply put, the party needs President Donald Trump's help to clinch two runoff elections in Georgia on Jan. 5 that will determine the fate of the Senate GOP's ...",https://www.politico.com/news/2020/11/10/trump-georgia-senate-runoff-435786,"data:image/gif;base64,R0lGODlhAQABAIAAAP///////yH5BAEKAAEALAAAAAABAAEAAAICTAEAOw==",0.0,0.06666666666666667
President Trump is projected to win Florida,CNBC,1 month ago,2020-11-15 15:02:54.219200,"ET on Wednesday, Trump was leading with 5.65 million votes, compared to 5.27 million for the former vice president Biden, a margin of 51.2% to 47.8%. Florida ...",https://www.cnbc.com/2020/11/03/florida-election-results-2020.html,"data:image/gif;base64,R0lGODlhAQABAIAAAP///////yH5BAEKAAEALAAAAAABAAEAAAICTAEAOw==",0.8,0.4
